,0,1
0,9.999989999875437e-07,2.930131611230762e-19
1,9.999989815754585e-07,4.0121132609584245e-16
2,9.999987974546309e-07,4.410394455443036e-15
3,9.999986133338334e-07,8.419577584790229e-15
4,9.999982684890008e-07,1.592848731282678e-14
5,9.99997607817015e-07,3.031446129354544e-14
6,9.999963770923243e-07,5.711322147935001e-14
7,9.999941550194693e-07,1.0549845410178485e-13
8,9.999902113829143e-07,1.913706884948883e-13
9,9.99983260008554e-07,3.427368948282524e-13
10,9.999710095165812e-07,6.094939744210178e-13
11,9.999490631563502e-07,1.0873888392172296e-12
12,9.99903971525521e-07,2.0693185052086225e-12
13,9.998588819308636e-07,3.0512481712000156e-12
14,9.998137943722939e-07,4.033177837191408e-12
15,9.997416238369967e-07,5.605020567344598e-12
16,9.99669458518513e-07,7.1768632974977884e-12
17,9.995972984164629e-07,8.748706027650979e-12
18,9.99525143530459e-07,1.032054875780417e-11
19,9.993651573264484e-07,1.3806139429258748e-11
20,9.991240494088935e-07,1.90601700381101e-11
21,9.98882999742108e-07,2.431420064696145e-11
22,9.98642008312017e-07,2.95682312558128e-11
23,9.982175591652823e-07,3.8825045991751594e-11
24,9.97411709678173e-07,5.641067427476384e-11
25,9.961189158271876e-07,8.46523758588097e-11
26,9.948277999626688e-07,1.1289407744285557e-10
27,9.935383599066137e-07,1.4113577902690145e-10
28,9.92250593483963e-07,1.6937748061094734e-10
29,9.880363071904922e-07,2.620572748264131e-10
30,9.838399449075709e-07,3.547370690418788e-10
31,9.7966143036269e-07,4.4741686325734457e-10
32,9.755006876297437e-07,5.400966574728103e-10
33,9.71357641138545e-07,6.327764516882761e-10
34,9.64107784315202e-07,7.959120142040498e-10
35,9.56912115227453e-07,9.590475767198234e-10
36,9.497702289105458e-07,1.122183139235597e-09
37,9.426817233967934e-07,1.2853187017513708e-09
38,9.356461997104763e-07,1.4484542642671444e-09
39,9.202445909348396e-07,1.809908275150794e-09
40,8.998655116181339e-07,2.297602139161423e-09
41,8.858476953311437e-07,2.6395285205928485e-09
42,8.720485830031676e-07,2.981454902024274e-09
43,8.584647624292265e-07,3.3233812834556997e-09
44,8.450928746208786e-07,3.6653076648871253e-09
45,8.319296131951905e-07,4.007234046318551e-09
46,8.117428281290937e-07,4.5422756218019436e-09
47,7.920466995208286e-07,5.077317197285336e-09
48,7.728293022887169e-07,5.612358772768729e-09
49,7.540790010341829e-07,6.147400348252122e-09
50,7.255276947526544e-07,6.98827187397869e-09
51,6.980594241821851e-07,7.829143399705259e-09
52,6.716331078679059e-07,8.670014925431827e-09
53,6.462092225713949e-07,9.510886451158396e-09
54,6.217497444049913e-07,1.0351757976884965e-08
55,5.982180918087e-07,1.1192629502611534e-08
56,5.62725593673775e-07,1.2525794618529198e-08
57,5.293438457711753e-07,1.3858959734446862e-08
58,4.97947322579531e-07,1.5192124850364527e-08
59,4.684179616581809e-07,1.6525289966282193e-08
60,4.406447239327237e-07,1.785845508219986e-08
61,4.145231755991413e-07,1.9191620198117524e-08
62,3.8995509269983833e-07,2.052478531403519e-08
63,3.6684809093426335e-07,2.1857950429952855e-08
64,3.451152794054606e-07,2.319111554587052e-08
65,3.2467493488625757e-07,2.4524280661788187e-08
66,3.05450194432998e-07,2.5857445777705852e-08
67,2.787013480369056e-07,2.7859863151575615e-08
68,2.543058490044323e-07,2.986228052544538e-08
69,2.320566408021491e-07,3.1864697899315137e-08
70,2.1176487719680543e-07,3.3867115273184896e-08
71,1.9325834183850117e-07,3.5869532647054655e-08
72,1.763799813106166e-07,3.7871950020924414e-08
73,1.6098655628399685e-07,3.9874367394794173e-08
74,1.469474216281016e-07,4.187678476866393e-08
75,1.3414342423000511e-07,4.387920214253369e-08
76,1.224658968498409e-07,4.588161951640345e-08
77,1.1181573472549751e-07,4.788403689027321e-08
78,1.0210255146839945e-07,4.988645426414297e-08
79,9.324391136195184e-08,5.188887163801273e-08
80,8.516463107324738e-08,5.389128901188249e-08
81,7.779614246049795e-08,5.589370638575225e-08
82,7.107591032837761e-08,5.7896123759622006e-08
83,6.494690111911142e-08,5.989854113349177e-08
84,5.935709879768645e-08,6.190095850736154e-08
85,5.4259063662026274e-08,6.39033758812313e-08
86,4.960952987239606e-08,6.590579325510107e-08
87,4.53690381767251e-08,6.790821062897084e-08
88,4.150160090862672e-08,6.99106280028406e-08
89,3.7974396550995164e-08,7.191304537671037e-08
90,3.475749122961357e-08,7.391546275058013e-08
91,3.182358468528409e-08,7.59178801244499e-08
92,2.9147778554756284e-08,7.792029749831966e-08
93,2.6707365033575687e-08,7.992271487218943e-08
94,2.4481634150902413e-08,8.19251322460592e-08
95,2.2451698010050775e-08,8.392754961992896e-08
96,2.0600330486567643e-08,8.592996699379873e-08
97,1.8911821022048982e-08,8.79323843676685e-08
98,1.7371841280848137e-08,8.993480174153826e-08
99,1.596732354200944e-08,9.193721911540803e-08
100,1.4686349791892259e-08,9.393963648927779e-08
101,1.3518050573139922e-08,9.594205386314756e-08
102,1.2452512731518252e-08,9.794447123701732e-08
103,1.1480695279253024e-08,9.994688861088709e-08
104,1.0594352661452547e-08,1.0194930598475685e-07
105,9.785964773826102e-09,1.0395172335862662e-07
106,9.048673137185245e-09,1.0595414073249639e-07
107,8.37622268707096e-09,1.0795655810636615e-07
108,7.7629086848069e-09,1.0995897548023592e-07
109,7.2035282994690995e-09,1.1196139285410568e-07
110,6.693336449726807e-09,1.1396381022797545e-07
111,6.228005530688091e-09,1.1596622760184522e-07
112,5.8035886839624045e-09,1.1796864497571498e-07
113,5.4164862992561246e-09,1.1997106234958473e-07
114,5.063415463202627e-09,1.2197347972345449e-07
115,4.741382096108527e-09,1.2397589709732424e-07
116,4.44765554011781e-09,1.25978314471194e-07
117,4.1797453831213225e-09,1.2798073184506374e-07
118,3.93538032171907e-09,1.299831492189335e-07
119,3.7124888838400737e-09,1.3198556659280325e-07
120,3.509181847401975e-09,1.33987983966673e-07
121,3.323736205789276e-09,1.3599040134054275e-07
122,3.154580544061163e-09,1.379928187144125e-07
123,3.0002817017737507e-09,1.3999523608828226e-07
124,2.859532609219676e-09,1.41997653462152e-07
125,2.7311411938461047e-09,1.4400007083602177e-07
126,2.614020262695587e-09,1.4600248820989152e-07
127,2.5071782749987744e-09,1.4800490558376127e-07
128,2.40971092660304e-09,1.5000732295763102e-07
129,2.320793474811003e-09,1.5200974033150078e-07
130,2.2396737384869354e-09,1.5401215770537053e-07
131,2.165665714020289e-09,1.5601457507924028e-07
132,2.098143752962789e-09,1.5801699245311003e-07
133,2.0365372519225853e-09,1.6001940982697979e-07
134,1.9803258096466364e-09,1.6202182720084954e-07
135,1.929034810187642e-09,1.640242445747193e-07
136,1.8822313946681994e-09,1.6602666194858904e-07
137,1.8395207874530603e-09,1.680290793224588e-07
138,1.800542945548322e-09,1.7003149669632855e-07
139,1.7649695027897677e-09,1.720339140701983e-07
140,1.7325009828844878e-09,1.7403633144406805e-07
141,1.7028642576518456e-09,1.760387488179378e-07
142,1.663049359679487e-09,1.790529778017246e-07
143,1.6283340204237657e-09,1.820672067855114e-07
144,1.598058093664236e-09,1.850814357692982e-07
145,1.5716468233513172e-09,1.88095664753085e-07
146,1.548600053190379e-09,1.911098937368718e-07
147,1.5284825168074414e-09,1.941241227206586e-07
148,1.5109152518774081e-09,1.9713835170444538e-07
149,1.4955682565790915e-09,2.0015258068823218e-07
150,1.482154226011534e-09,2.0316680967201898e-07
151,1.470423085323838e-09,2.0618103865580577e-07
152,1.4601571570468997e-09,2.0919526763959257e-07
153,1.4511669309104523e-09,2.1220949662337937e-07
154,1.443287409904478e-09,2.1522372560716616e-07
155,1.436374953004723e-09,2.1823795459095296e-07
156,1.4303045212790417e-09,2.2125218357473976e-07
157,1.4249672659196815e-09,2.2426641255852655e-07
158,1.4202684253076492e-09,2.2728064154231335e-07
159,1.4161255005917226e-09,2.3029487052610015e-07
160,1.412466671681087e-09,2.3330909950988694e-07
161,1.4092294167383936e-09,2.3632332849367374e-07
162,1.4050448570848036e-09,2.4084717750131515e-07
163,1.4015339267069888e-09,2.453710265089566e-07
164,1.3985704233754772e-09,2.49894875516598e-07
165,1.3960518069375058e-09,2.5441872452423944e-07
166,1.393894952856759e-09,2.5894257353188087e-07
167,1.3920324568227908e-09,2.634664225395223e-07
168,1.3904095365227742e-09,2.6799027154716373e-07
169,1.3889816226650629e-09,2.7251412055480516e-07
170,1.3877125022397974e-09,2.770379695624466e-07
171,1.3865727947542546e-09,2.81561818570088e-07
172,1.3855386552311224e-09,2.8608566757772946e-07
173,1.3845907050306775e-09,2.906095165853709e-07
174,1.3837131885605563e-09,2.951333655930123e-07
175,1.3828933067636979e-09,2.9965721460065375e-07
176,1.3817265634527037e-09,3.0658414203841493e-07
177,1.3806423357581585e-09,3.135110694761761e-07
178,1.3796194795946885e-09,3.204379969139373e-07
179,1.378642569957962e-09,3.2736492435169846e-07
180,1.3777004987094411e-09,3.3429185178945964e-07
181,1.3767852630833124e-09,3.412187792272208e-07
182,1.3754409731766394e-09,3.5168431159004374e-07
183,1.3741311765300956e-09,3.6214984395286665e-07
184,1.3728468232745024e-09,3.7261537631568957e-07
185,1.3715823002566916e-09,3.830809086785125e-07
186,1.3703344211080876e-09,3.935464410413354e-07
187,1.3691013051430155e-09,4.040119734041583e-07
188,1.3670943247436483e-09,4.2129315741674174e-07
189,1.3651204263388903e-09,4.385743414293251e-07
190,1.3631767299437386e-09,4.558555254419085e-07
191,1.361261839783174e-09,4.7313670945449187e-07
192,1.3593755780096189e-09,4.904178934670752e-07
193,1.3575177513769439e-09,5.076990774796586e-07
194,1.3556875861132017e-09,5.24980261492242e-07
195,1.3538841958632228e-09,5.422614455048254e-07
196,1.3521070422401553e-09,5.595426295174088e-07
197,1.3487126870897364e-09,5.93265076021297e-07
198,1.346261837277636e-09,6.182275186519336e-07
199,1.3438620205202576e-09,6.431899612825701e-07
200,1.341511205092417e-09,6.681524039132067e-07
201,1.3392078591948964e-09,6.931148465438433e-07
202,1.3369510624460148e-09,7.180772891744798e-07
203,1.3347398041324568e-09,7.430397318051164e-07
204,1.3325727284218563e-09,7.68002174435753e-07
205,1.3304484958109843e-09,7.929646170663895e-07
206,1.3283660234155492e-09,8.179270596970261e-07
207,1.3251265733826953e-09,8.577634277111031e-07
208,1.3219865759405803e-09,8.9759979572518e-07
209,1.3189419770768088e-09,9.37436163739257e-07
210,1.3159887679495537e-09,9.772725317533339e-07
211,1.3131230887815535e-09,1.0171088997674107e-06
212,1.3103413792122866e-09,1.0569452677814876e-06
213,1.3076403106473737e-09,1.0967816357955645e-06
214,1.3050166523257563e-09,1.1366180038096413e-06
215,1.3024672754839272e-09,1.1764543718237182e-06
216,1.2999892226396643e-09,1.216290739837795e-06
217,1.2962645169036776e-09,1.2783463470738702e-06
218,1.2926961524280143e-09,1.3404019543099452e-06
219,1.2892748324959692e-09,1.4024575615460203e-06
220,1.2859918851220487e-09,1.4645131687820954e-06
221,1.2828392678805798e-09,1.5265687760181705e-06
222,1.279809534331355e-09,1.5886243832542456e-06
223,1.2768957579446244e-09,1.6506799904903207e-06
224,1.2740914843889075e-09,1.7127355977263957e-06
225,1.2713907155700353e-09,1.7747912049624708e-06
226,1.2687878818342718e-09,1.836846812198546e-06
227,1.2662778002146674e-09,1.898902419434621e-06
228,1.2638556438299821e-09,1.960958026670696e-06
229,1.2615169225604337e-09,2.023013633906771e-06
230,1.2592574599618367e-09,2.085069241142846e-06
231,1.2570733666673667e-09,2.147124848378921e-06
232,1.254961018963296e-09,2.209180455614996e-06
233,1.251897596954825e-09,2.3029572889940985e-06
234,1.2489797012340996e-09,2.3967341223732008e-06
235,1.246197735633853e-09,2.490510955752303e-06
236,1.2435430611548192e-09,2.5842877891314053e-06
237,1.2410078959845243e-09,2.6780646225105076e-06
238,1.2385852230635998e-09,2.77184145588961e-06
239,1.23626870697126e-09,2.865618289268712e-06
240,1.2340526211850193e-09,2.9593951226478145e-06
241,1.2319317838145984e-09,3.0531719560269168e-06
242,1.2299014999378501e-09,3.146948789406019e-06
243,1.2279575098436333e-09,3.2407256227851213e-06
244,1.2260959427919708e-09,3.3345024561642236e-06
245,1.2243132758263378e-09,3.428279289543326e-06
246,1.2226062971533186e-09,3.522056122922428e-06
247,1.2209720735107217e-09,3.6158329563015305e-06
248,1.219407920958965e-09,3.7096097896806328e-06
249,1.217911378750106e-09,3.803386623059735e-06
250,1.2164801860532493e-09,3.897163456438838e-06
251,1.2151122612365857e-09,3.99094028981794e-06
252,1.213805683362568e-09,4.084717123197042e-06
253,1.2125586756407064e-09,4.178493956576145e-06
254,1.210785988722624e-09,4.3200120917116306e-06
255,1.2091400695518242e-09,4.4615302268471165e-06
256,1.2076162574580648e-09,4.6030483619826025e-06
257,1.2062103304839812e-09,4.7445664971180884e-06
258,1.2049184437622648e-09,4.886084632253574e-06
259,1.2037370749905136e-09,5.02760276738906e-06
260,1.202662977388365e-09,5.169120902524546e-06
261,1.2016931410856631e-09,5.310639037660032e-06
262,1.2008247615690809e-09,5.452157172795518e-06
263,1.2000552128892034e-09,5.593675307931004e-06
264,1.1993820244043682e-09,5.73519344306649e-06
265,1.1988028609324476e-09,5.876711578201976e-06
266,1.1983155061956896e-09,6.018229713337462e-06
267,1.1979178489848867e-09,6.159747848472948e-06
268,1.1976078713697323e-09,6.301265983608434e-06
269,1.1973836385623615e-09,6.44278411874392e-06
270,1.1972020466993423e-09,6.659957029759737e-06
271,1.1972115977607155e-09,6.877129940775555e-06
272,1.1974061901787396e-09,7.094302851791372e-06
273,1.1977800048471278e-09,7.3114757628071895e-06
274,1.1983274750170626e-09,7.528648673823007e-06
275,1.1990432597370476e-09,7.745821584838823e-06
276,1.1999222215550097e-09,7.962994495854641e-06
277,1.200959409572161e-09,8.180167406870458e-06
278,1.2021500465260166e-09,8.397340317886276e-06
279,1.203489517804153e-09,8.614513228902093e-06
280,1.2058094569781573e-09,8.945801061739951e-06
281,1.2084501911278996e-09,9.27708889457781e-06
282,1.2113972433838446e-09,9.608376727415668e-06
283,1.2146368150989031e-09,9.939664560253526e-06
284,1.2181557475119672e-09,1.0270952393091385e-05
285,1.22194148539382e-09,1.0602240225929243e-05
286,1.2259820437776045e-09,1.0933528058767101e-05
287,1.232547080568551e-09,1.1434221281886199e-05
288,1.2396308719051501e-09,1.1934914505005297e-05
289,1.2471986251344834e-09,1.2435607728124394e-05
290,1.2552178806789128e-09,1.2936300951243492e-05
291,1.2636583546898594e-09,1.343699417436259e-05
292,1.2724917883583326e-09,1.3937687397481688e-05
293,1.2816918085961005e-09,1.4438380620600785e-05
294,1.2912338018999194e-09,1.4939073843719883e-05
295,1.3010947978320268e-09,1.543976706683898e-05
296,1.3112533588448016e-09,1.594046028995808e-05
297,1.321689476488314e-09,1.6441153513077176e-05
298,1.3323844751201838e-09,1.6941846736196274e-05
299,1.3498504457202992e-09,1.7736623341548118e-05
300,1.3678613396698603e-09,1.8531399946899962e-05
301,1.3863599222112029e-09,1.9326176552251806e-05
302,1.4052948732453666e-09,2.012095315760365e-05
303,1.4246201824783708e-09,2.0915729762955494e-05
304,1.4442945942577598e-09,2.171050636830734e-05
305,1.4764929704040826e-09,2.2985441311974453e-05
306,1.5093629018105351e-09,2.4260376255641567e-05
307,1.5427925950015078e-09,2.553531119930868e-05
308,1.5766880223547784e-09,2.6810246142975796e-05
309,1.6109701627757373e-09,2.808518108664291e-05
310,1.6455725623643617e-09,2.9360116030310024e-05
311,1.6804392302137016e-09,3.063505097397714e-05
312,1.7155229270711264e-09,3.190998591764426e-05
313,1.7507837868398805e-09,3.318492086131138e-05
314,1.786188157286984e-09,3.4459855804978495e-05
315,1.8217075975571195e-09,3.573479074864561e-05
316,1.8573180274053576e-09,3.700972569231273e-05
317,1.892999025998444e-09,3.828466063597985e-05
318,1.9287332544756808e-09,3.9559595579646966e-05
319,1.9645059697428874e-09,4.0834530523314084e-05
320,2.000304610456495e-09,4.21094654669812e-05
321,2.0361184483317543e-09,4.338440041064832e-05
322,2.0927156299198755e-09,4.5398875071102475e-05
323,2.149298392324365e-09,4.741334973155663e-05
324,2.2058430076036266e-09,4.9427824392010785e-05
325,2.262330533815248e-09,5.144229905246494e-05
326,2.318745796664643e-09,5.3456773712919096e-05
327,2.3750765029900203e-09,5.547124837337325e-05
328,2.431312519969569e-09,5.7485723033827406e-05
329,2.487445376325231e-09,5.950019769428156e-05
330,2.54346792897295e-09,6.151467235473572e-05
331,2.5993740998590724e-09,6.352914701518988e-05
332,2.685461534402442e-09,6.66398148257923e-05
333,2.7712427621215395e-09,6.975048263639472e-05
334,2.8567039946526304e-09,7.286115044699714e-05
335,2.9418334184364834e-09,7.597181825759956e-05
336,3.0266207727699007e-09,7.908248606820198e-05
337,3.111056959635815e-09,8.21931538788044e-05
338,3.195133729207047e-09,8.530382168940682e-05
339,3.2788435018416172e-09,8.841448950000924e-05
340,3.3621792800250476e-09,9.152515731061166e-05
341,3.445134571691963e-09,9.463582512121408e-05
342,3.527703304230923e-09,9.77464929318165e-05
343,3.609879754251146e-09,0.00010085716074241891
344,3.6916585067386455e-09,0.00010396782855302133
345,3.773034429740739e-09,0.00010707849636362375
346,3.854002648372221e-09,0.00011018916417422617
347,3.934558517424384e-09,0.00011329983198482859
348,4.0146975996448346e-09,0.00011641049979543101
349,4.094415651484179e-09,0.00011952116760603343
350,4.173708612102709e-09,0.00012263183541663585
351,4.2525725923521705e-09,0.00012574250322723826
352,4.331003864306476e-09,0.00012885317103784066
353,4.408998852965025e-09,0.00013196383884844307
354,4.486554130077222e-09,0.00013507450665904548
355,4.563666408886575e-09,0.00013818517446964788
356,4.6403325391472835e-09,0.0001412958422802503
357,4.716549502655208e-09,0.0001444065100908527
358,4.7923144095911635e-09,0.0001475171779014551
359,4.867624495524923e-09,0.0001506278457120575
360,4.942477118748039e-09,0.0001537385135226599
361,5.016869757804461e-09,0.00015684918133326232
362,5.090800009278341e-09,0.00015995984914386472
363,5.164265585869517e-09,0.00016307051695446713
364,5.237264314680883e-09,0.00016618118476506954
365,5.309794135625969e-09,0.00016929185257567194
366,5.417755572642797e-09,0.00017396003307823473
367,5.524650495186346e-09,0.0001786282135807975
368,5.630473327283996e-09,0.0001832963940833603
369,5.7352190311588035e-09,0.00018796457458592308
370,5.838883098303938e-09,0.00019263275508848586
371,5.94146154041097e-09,0.00019730093559104864
372,6.04295088029266e-09,0.00020196911609361143
373,6.143348143012686e-09,0.0002066372965961742
374,6.242650847077828e-09,0.000211305477098737
375,6.340856995425996e-09,0.00021597365760129978
376,6.437965066126928e-09,0.00022064183810386256
377,6.533974002894677e-09,0.00022531001860642534
378,6.6288832055014055e-09,0.00022997819910898813
379,6.722692520068413e-09,0.0002346463796115509
380,6.815402229166923e-09,0.0002393145601141137
381,6.907013041715788e-09,0.00024398274061667648
382,7.04432027353013e-09,0.0002510867697519425
383,7.179091067692967e-09,0.0002581907988872085
384,7.311333270256273e-09,0.0002652948280224745
385,7.44105673066138e-09,0.0002723988571577405
386,7.568273213832387e-09,0.0002795028862930065
387,7.692996311934638e-09,0.0002866069154282725
388,7.815241355979292e-09,0.0002937109445635385
389,7.935025327396443e-09,0.00030081497369880447
390,8.05236676985296e-09,0.00030791900283407047
391,8.167285701654616e-09,0.00031502303196933646
392,8.27980352900486e-09,0.00032212706110460246
393,8.389942960317814e-09,0.00032923109023986845
394,8.49772792176368e-09,0.00033633511937513445
395,8.603183474232237e-09,0.00034343914851040045
396,8.706335731890555e-09,0.00035054317764566644
397,8.80721178249163e-09,0.00035764720678093244
398,8.905839609567026e-09,0.00036475123591619843
399,9.002248016619637e-09,0.00037185526505146443
400,9.096466553417111e-09,0.0003789592941867304
401,9.23498764236728e-09,0.0003897127563070527
402,9.36866782376927e-09,0.00040046621842737497
403,9.497617146351657e-09,0.00041121968054769724
404,9.621947814019828e-09,0.0004219731426680195
405,9.74177371960275e-09,0.0004327266047883418
406,9.857210004996628e-09,0.00044348006690866405
407,9.968372649050808e-09,0.0004542335290289863
408,1.0075378085611695e-08,0.0004649869911493086
409,1.0178342851543178e-08,0.00047574045326963086
410,1.0277383262814458e-08,0.00048649391538995313
411,1.0372615117164315e-08,0.0004972473775102755
412,1.0464153422769464e-08,0.0005080008396305978
413,1.0552112152422606e-08,0.0005187543017509201
414,1.0636604022205939e-08,0.0005295077638712424
415,1.0717740293306756e-08,0.0005402612259915648
416,1.0835314216675433e-08,0.0005566680595572015
417,1.0945712807755758e-08,0.0005730748931228382
418,1.1049306496374047e-08,0.0005894817266884749
419,1.114645409491678e-08,0.0006058885602541116
420,1.1237502165129476e-08,0.0006222953938197483
421,1.132278453470772e-08,0.000638702227385385
422,1.1402621954989114e-08,0.0006551090609510218
423,1.1477321907633682e-08,0.0006715158945166585
424,1.1547178545535894e-08,0.0006879227280822952
425,1.1612472738854053e-08,0.0007043295616479319
426,1.1673472203119629e-08,0.0007207363952135686
427,1.1730431697889474e-08,0.0007371432287792053
428,1.1783593288247576e-08,0.000753550062344842
429,1.1833186658925444e-08,0.0007699568959104788
430,1.1903449786499228e-08,0.0007953644917199324
431,1.1966428315433341e-08,0.000820772087529386
432,1.2022812729278266e-08,0.0008461796833388396
433,1.2073234094032213e-08,0.0008715872791482932
434,1.2118268035048967e-08,0.0008969948749577468
435,1.2158438655604678e-08,0.0009224024707672004
436,1.2194222335938597e-08,0.000947810066576654
437,1.2226051425178568e-08,0.0009732176623861076
438,1.2254317807256411e-08,0.0009986252581955612
439,1.2279376287585059e-08,0.001024032854005015
440,1.2301547769729795e-08,0.0010494404498144687
441,1.2321122218431881e-08,0.0010748480456239224
442,1.2338361418730915e-08,0.001100255641433376
443,1.2353501537698127e-08,0.0011256632372428298
444,1.2366755490517571e-08,0.0011510708330522835
445,1.2378315114830651e-08,0.0011764784288617373
446,1.2388353162773999e-08,0.001201886024671191
447,1.2401291800142012e-08,0.0012413649959722784
448,1.2411438130533728e-08,0.0012808439672733658
449,1.2419225190685537e-08,0.0013203229385744533
450,1.242501988202045e-08,0.0013598019098755407
451,1.2429132617507775e-08,0.0013992808811766281
452,1.2431825871753598e-08,0.0014387598524777155
453,1.2433321628274323e-08,0.001478238823778803
454,1.2433807613373557e-08,0.0015177177950798904
455,1.2433442473301591e-08,0.0015571967663809778
456,1.2432360180784789e-08,0.0015966757376820653
457,1.2430673845933269e-08,0.0016361547089831527
458,1.2427167066572763e-08,0.001696111140845502
459,1.242275463767697e-08,0.0017560675727078515
460,1.2417646994467876e-08,0.0018160240045702008
461,1.2412006815751237e-08,0.0018759804364325502
462,1.2405959170652188e-08,0.0019359368682948996
463,1.239960028167663e-08,0.0019958933001572488
464,1.239300455017545e-08,0.002055849732019598
465,1.238622965486031e-08,0.002115806163881947
466,1.2379320141348303e-08,0.0021757625957442963
467,1.2372310263031849e-08,0.0022357190276066454
468,1.236522637141195e-08,0.0022956754594689946
469,1.235808882568586e-08,0.0023556318913313438
470,1.2350913370749785e-08,0.002415588323193693
471,1.2343712140172386e-08,0.002475544755056042
472,1.2336494455631781e-08,0.0025355011869183913
473,1.2329267484349428e-08,0.0025954576187807404
474,1.2322036751470312e-08,0.0026554140506430896
475,1.2314806515990937e-08,0.0027153704825054388
476,1.2307580049486375e-08,0.002775326914367788
477,1.2300359857200356e-08,0.002835283346230137
478,1.2293147857476258e-08,0.0028952397780924862
479,1.2285945520358477e-08,0.0029551962099548354
480,1.2278753969729383e-08,0.0030151526418171846
481,1.227157406016389e-08,0.0030751090736795337
482,1.2264406437993589e-08,0.003135065505541883
483,1.2257251590102143e-08,0.003195021937404232
484,1.2250109881292266e-08,0.0032549783692665812
485,1.2242981582095945e-08,0.0033149348011289304
486,1.223586688993746e-08,0.0033748912329912796
487,1.2228765945866865e-08,0.0034348476648536287
488,1.2221678847781228e-08,0.003494804096715978
489,1.2214605660522212e-08,0.003554760528578327
490,1.2207546423444759e-08,0.0036147169604406762
491,1.220050115622913e-08,0.0036746733923030254
492,1.2193469863385573e-08,0.0037346298241653746
493,1.2186452537928686e-08,0.0037945862560277237
494,1.2179449164033128e-08,0.003854542687890073
495,1.2172459719109001e-08,0.0039144991197524225
496,1.2165484175389723e-08,0.003974455551614772
497,1.215852250116138e-08,0.004034411983477122
498,1.2151574661738913e-08,0.004094368415339471
499,1.2144640620193866e-08,0.004154324847201821
500,1.2137720337917391e-08,0.0042142812790641705
501,1.212729231172844e-08,0.004304853642011678
502,1.2110804030575628e-08,0.004448617549338113
503,1.2094393694894643e-08,0.004592381456664549
504,1.2078060717737687e-08,0.004736145363990984
505,1.2061804512803043e-08,0.004879909271317419
506,1.2045624497431776e-08,0.005023673178643854
507,1.20295200928937e-08,0.0051674370859702895
508,1.2013490724730512e-08,0.005311200993296725
509,1.199753582359167e-08,0.00545496490062316
510,1.1970663607269111e-08,0.005698618872245662
511,1.1944000969628225e-08,0.005942272843868164
512,1.1917545252331558e-08,0.006185926815490666
513,1.1891293843468865e-08,0.006429580787113168
514,1.1865244176677592e-08,0.00667323475873567
515,1.1839393729825404e-08,0.006916888730358172
516,1.18137400241226e-08,0.007160542701980674
517,1.1788280623123589e-08,0.007404196673603176
518,1.1763013132155639e-08,0.007647850645225678
519,1.1737935196868502e-08,0.007891504616848179
520,1.1713044503051899e-08,0.00813515858847068
521,1.1688338774492962e-08,0.008378812560093181
522,1.1663815774139567e-08,0.008622466531715682
523,1.1639473301056958e-08,0.008866120503338184
524,1.1615309192545858e-08,0.009109774474960685
525,1.1597583179543078e-08,0.009289652581591092
526,1.1584965363492941e-08,0.009418287259604046
527,1.1575816113663591e-08,0.009511871126869496
528,1.1566692354966279e-08,0.009605454994134946
529,1.1557593971525978e-08,0.009699038861400396
530,1.1548520847529374e-08,0.009792622728665846
531,1.1539472869225164e-08,0.009886206595931295
532,1.1530449921880495e-08,0.009979790463196745
533,1.1524146947667112e-08,0.010045317323041852
534,1.1519819375829543e-08,0.010090381040533438
535,1.1516758947673283e-08,0.010122285973515463
536,1.1513701395856024e-08,0.010154190906497487
537,1.1510646715939879e-08,0.010186095839479511
538,1.1507594903581394e-08,0.010218000772461535
539,1.1504545954308459e-08,0.01024990570544356
540,1.1501499863748436e-08,0.010281810638425584
541,1.1498456627503168e-08,0.010313715571407608
542,1.1496335637472002e-08,0.010335969474027306
543,1.1494886639702413e-08,0.01035118104607438
544,1.1493844049996576e-08,0.010362130350372756
545,1.1492801795166359e-08,0.010373079654671132
546,1.1491759875035936e-08,0.010384028958969508
547,1.1490718289430362e-08,0.010394978263267884
548,1.1489677038172819e-08,0.01040592756756626
549,1.148863612108773e-08,0.010416876871864636
550,1.1487595537999612e-08,0.010427826176163012
551,1.1486843749024137e-08,0.010435738895124369
552,1.148629189410136e-08,0.0104415484387233
553,1.1485740133094592e-08,0.01044735798232223
554,1.1485188465977691e-08,0.01045316752592116
555,1.14846368927245e-08,0.01045897706952009
556,1.1484085413308798e-08,0.010464786613119021
557,1.1483534027704496e-08,0.010470596156717952
558,1.1482982735885496e-08,0.010476405700316882
559,1.148203397769019e-08,0.010486406080588602
560,1.1481085497181233e-08,0.010496406460860322
561,1.148013729422562e-08,0.010506406841132042
562,1.1479189368690402e-08,0.010516407221403762
563,1.147824172044268e-08,0.010526407601675482
564,1.1476253327107464e-08,0.010547400310573985
565,1.147308891345029e-08,0.010580835590399362
566,1.1469927589860534e-08,0.010614270870224738
567,1.1466769351399981e-08,0.010647706150050115
568,1.1461169665343153e-08,0.010707068579688953
569,1.1447048733977675e-08,0.010857222467516161
570,1.1432989307084078e-08,0.011007376355343369
571,1.141899094685751e-08,0.011157530243170576
572,1.1405053220056306e-08,0.011307684130997784
573,1.1391175697774243e-08,0.011457838018824992
574,1.1361867555864336e-08,0.011777094211884156
575,1.1332825644879113e-08,0.01209635040494332
576,1.1304046020633965e-08,0.012415606598002485
577,1.1275524824517562e-08,0.01273486279106165
578,1.1247258278209736e-08,0.013054118984120814
579,1.1219242676042898e-08,0.013373375177179979
580,1.1191474385186858e-08,0.013692631370239143
581,1.1163949843843667e-08,0.014011887563298308
582,1.1136665562583752e-08,0.014331143756357472
583,1.1109618118792843e-08,0.014650399949416637
584,1.1082804158998202e-08,0.014969656142475802
585,1.1056220390803428e-08,0.015288912335534966
586,1.1029863590980115e-08,0.01560816852859413
587,1.1003730589233232e-08,0.015927424721653295
588,1.0985974140957405e-08,0.016145904164250026
589,1.096832006941448e-08,0.016364383606846757
590,1.0950767408144775e-08,0.016582863049443487
591,1.0933315202430611e-08,0.016801342492040218
592,1.091596251176359e-08,0.01701982193463695
593,1.0898708406487343e-08,0.01723830137723368
594,1.0881551970585848e-08,0.01745678081983041
595,1.0864492295586019e-08,0.01767526026242714
596,1.084752849120333e-08,0.01789373970502387
597,1.0830659666975023e-08,0.018112219147620602
598,1.0819543722064238e-08,0.018256860536951944
599,1.0812209005984643e-08,0.018352593932990505
600,1.0804892176943641e-08,0.018448327329029065
601,1.0797593164887389e-08,0.018544060725067625
602,1.0790311896067586e-08,0.018639794121106185
603,1.0783048304040339e-08,0.018735527517144746
604,1.0775802312631834e-08,0.018831260913183306
605,1.0770902349674424e-08,0.01889613053498241
606,1.0767554970255477e-08,0.018940507059361917
607,1.0764211340992498e-08,0.018984883583741424
608,1.0760871455065984e-08,0.01902926010812093
609,1.0757535305698972e-08,0.01907363663250044
610,1.0754202886037504e-08,0.019118013156879946
611,1.0747930854284271e-08,0.019201670088327325
612,1.0737667421785006e-08,0.019338945450491984
613,1.0727439289636592e-08,0.019476220812656642
614,1.0717246258245857e-08,0.0196134961748213
615,1.0697931707906309e-08,0.01987491393743698
616,1.0666625563170432e-08,0.020302277088263106
617,1.0619186222621987e-08,0.02095859121210458
618,1.0589017014853747e-08,0.02138152960607022
619,1.0559156166510581e-08,0.021804468000035864
620,1.0529598532243446e-08,0.022227406394001507
621,1.0500339052235276e-08,0.02265034478796715
622,1.0471372783770637e-08,0.023073283181932792
623,1.044269490417844e-08,0.023496221575898434
624,1.0414300706047522e-08,0.023919159969864077
625,1.0386185579467355e-08,0.02434209836382972
626,1.0358345020677533e-08,0.024765036757795362
627,1.0330774619772741e-08,0.025187975151761004
628,1.0303470071718479e-08,0.025610913545726647
629,1.0276427152528041e-08,0.02603385193969229
630,1.0249641751872067e-08,0.026456790333657932
631,1.023224050037665e-08,0.026733726254855535
632,1.0220819904451026e-08,0.026916419983915942
633,1.0209445805504348e-08,0.02709911371297635
634,1.0198117887549531e-08,0.027281807442036756
635,1.018683584510033e-08,0.027464501171097163
636,1.01755993614876e-08,0.02764719490015757
637,1.01678901689614e-08,0.027772966533288965
638,1.0162518310035986e-08,0.027860812451822568
639,1.0157156833184989e-08,0.02794865837035617
640,1.0151805706960144e-08,0.028036504288889774
641,1.0146464895466238e-08,0.028124350207423376
642,1.0141134370518573e-08,0.02821219612595698
643,1.0135814093580102e-08,0.028300042044490582
644,1.0130504038793238e-08,0.028387887963024185
645,1.0125204164678668e-08,0.028475733881557788
646,1.012160071127955e-08,0.028535557875592667
647,1.0119112392868648e-08,0.028576914176027396
648,1.011662631611129e-08,0.028618270476462124
649,1.011414247840709e-08,0.028659626776896853
650,1.0111660875381559e-08,0.02870098307733158
651,1.0109181505129168e-08,0.02874233937776631
652,1.0106704363338532e-08,0.02878369567820104
653,1.0104229447344525e-08,0.028825051978635767
654,1.010175675318071e-08,0.028866408279070496
655,1.0099286278042223e-08,0.028907764579505224
656,1.0096818018219149e-08,0.028949120879939953
657,1.0094351970823499e-08,0.02899047718037468
658,1.0091888132225608e-08,0.02903183348080941
659,1.0089426499422852e-08,0.029073189781244138
660,1.0086967068883749e-08,0.029114546081678867
661,1.0084509837560122e-08,0.029155902382113595
662,1.0082794107122353e-08,0.029184800828916804
663,1.0081079447770067e-08,0.029213699275720012
664,1.0079365858382679e-08,0.02924259772252322
665,1.0077653337853598e-08,0.02927149616932643
666,1.0075941885074477e-08,0.029300394616129637
667,1.0074231498939563e-08,0.029329293062932846
668,1.0072522178346122e-08,0.029358191509736054
669,1.0066440106844923e-08,0.029461163580924318
670,1.006037150053726e-08,0.02956413565211258
671,1.0054316310001082e-08,0.029667107723300844
672,1.0048274486062324e-08,0.029770079794489108
673,1.0035246232658112e-08,0.029992898917162444
674,1.0022279846350697e-08,0.03021571803983578
675,1.0009374840321294e-08,0.030438537162509115
676,9.98677267933651e-09,0.03083134403141831
677,9.949137543477473e-09,0.03149271852281766
678,9.91201952687429e-09,0.03215409301421701
679,9.875406906104551e-09,0.03281546750561636
680,9.839288336410557e-09,0.03347684199701571
681,9.803652820321429e-09,0.034138216488415064
682,9.768489692884094e-09,0.034799590979814415
683,9.7337886091523e-09,0.035460965471213766
684,9.699539534886607e-09,0.03612233996261312
685,9.665732733073021e-09,0.03678371445401247
686,9.632358754948615e-09,0.03744508894541182
687,9.599408426303235e-09,0.03810646343681117
688,9.566872841313153e-09,0.03876783792821052
689,9.534743347314853e-09,0.03942921241960987
690,9.503011543546665e-09,0.040090586911009224
691,9.471669260226437e-09,0.040751961402408575
692,9.44070855626188e-09,0.041413335893807926
693,9.41012174094347e-09,0.04207471038520728
694,9.379901297597959e-09,0.04273608487660663
695,9.350039931210559e-09,0.04339745936800598
696,9.320530550633613e-09,0.04405883385940533
697,9.291366237846332e-09,0.04472020835080468
698,9.262540294981602e-09,0.04538158284220403
699,9.234046200598644e-09,0.04604295733360338
700,9.205877564541545e-09,0.046704331825002735
701,9.178028186039638e-09,0.047365706316402086
702,9.150492058427478e-09,0.04802708080780144
703,9.123263288300208e-09,0.04868845529920079
704,9.0963361367342e-09,0.04934982979060014
705,9.069705041871259e-09,0.05001120428199949
706,9.043364585083855e-09,0.05067257877339884
707,9.017309431669215e-09,0.05133395326479819
708,8.991534443422458e-09,0.05199532775619754
709,8.966034549591367e-09,0.052656702247596894
710,8.940804852954635e-09,0.053318076738996245
711,8.915840577114372e-09,0.053979451230395596
712,8.891137036764824e-09,0.05464082572179495
713,8.866689664483584e-09,0.0553022002131943
714,8.842494014778395e-09,0.05596357470459365
715,8.818545743480554e-09,0.056624949195993
716,8.794840611716524e-09,0.05728632368739235
717,8.771374463227105e-09,0.0579476981787917
718,8.748143259223332e-09,0.058609072670191054
719,8.725143059825091e-09,0.059270447161590405
720,8.702370002976088e-09,0.059931821652989756
721,8.679820318092587e-09,0.06059319614438911
722,8.657490322372394e-09,0.06125457063578846
723,8.620754603209004e-09,0.06235678728027936
724,8.584602923277497e-09,0.06345900392477026
725,8.549019737599528e-09,0.06456122056926117
726,8.513990033799236e-09,0.06566343721375208
727,8.479499374371989e-09,0.06676565385824298
728,8.44553383082079e-09,0.06786787050273389
729,8.412079977201144e-09,0.0689700871472248
730,8.37912485299067e-09,0.07007230379171571
731,8.346655956236648e-09,0.07117452043620662
732,8.314661210805113e-09,0.07227673708069753
733,8.283128962760117e-09,0.07337895372518843
734,8.252047942257725e-09,0.07448117036967934
735,8.221407251094336e-09,0.07558338701417025
736,8.191196422727952e-09,0.07668560365866116
737,8.161405229668366e-09,0.07778782030315207
738,8.132023851441673e-09,0.07889003694764297
739,8.103042732475677e-09,0.07999225359213388
740,8.074452724195985e-09,0.08109447023662479
741,8.046244831574149e-09,0.0821966868811157
742,8.018410482353206e-09,0.08329890352560661
743,7.990941228760502e-09,0.08440112017009752
744,7.963829005035888e-09,0.08550333681458842
745,7.937065979111029e-09,0.08660555345907933
746,7.910644484112428e-09,0.08770777010357024
747,7.884557142279974e-09,0.08880998674806115
748,7.858796769298329e-09,0.08991220339255206
749,7.833356404180458e-09,0.09101442003704296
750,7.808229326797009e-09,0.09211663668153387
751,7.78340900360087e-09,0.09321885332602478
752,7.758889006477284e-09,0.09432106997051569
753,7.734663224255968e-09,0.0954232866150066
754,7.710725562842917e-09,0.0965255032594975
755,7.687070251244023e-09,0.09762771990398841
756,7.663691637354534e-09,0.09872993654847932
757,7.640584180280138e-09,0.09983215319297023
758,7.617742517804594e-09,0.10093436983746114
759,7.595161477213012e-09,0.10203658648195205
760,7.572835916518985e-09,0.10313880312644295
761,7.550760954382406e-09,0.10424101977093386
762,7.528931782884967e-09,0.10534323641542477
763,7.507343735562752e-09,0.10644545305991568
764,7.48599224908802e-09,0.10754766970440659
765,7.464872908336331e-09,0.1086498863488975
766,7.44398138579636e-09,0.1097521029933884
767,7.42331349453346e-09,0.11085431963787931
768,7.4028651233727684e-09,0.11195653628237022
769,7.382632301812096e-09,0.11305875292686113
770,7.362611121946865e-09,0.11416096957135204
771,7.342797804146028e-09,0.11526318621584294
772,7.323188649945719e-09,0.11636540286033385
773,7.3037800543060605e-09,0.11746761950482476
774,7.28456850035724e-09,0.11856983614931567
775,7.25401725825534e-09,0.12034592956666
776,7.2239548733035965e-09,0.12212202298400433
777,7.1943679674770504e-09,0.12389811640134867
778,7.165243682822296e-09,0.12567420981869298
779,7.1365696452766405e-09,0.12745030323603732
780,7.108333939797083e-09,0.12922639665338165
781,7.062871555321167e-09,0.13214404827220252
782,7.018512858231344e-09,0.1350616998910234
783,6.975211940528079e-09,0.13797935150984428
784,6.932925989123222e-09,0.14089700312866515
785,6.8916143083239384e-09,0.14381465474748603
786,6.85123862058441e-09,0.1467323063663069
787,6.811762546318276e-09,0.14964995798512779
788,6.773151926940994e-09,0.15256760960394866
789,6.7353741724577565e-09,0.15548526122276954
790,6.698398467225999e-09,0.15840291284159042
791,6.662195529809636e-09,0.1613205644604113
792,6.62673774285371e-09,0.16423821607923217
793,6.591998690964898e-09,0.16715586769805305
794,6.557953292322562e-09,0.17007351931687392
795,6.524577667457981e-09,0.1729911709356948
796,6.491849192752704e-09,0.17590882255451568
797,6.459746196413575e-09,0.17882647417333655
798,6.428248030420426e-09,0.18174412579215743
799,6.397335036961638e-09,0.1846617774109783
800,6.366988428332044e-09,0.18757942902979918
801,6.3371902563587104e-09,0.19049708064862006
802,6.307923368539173e-09,0.19341473226744094
803,6.2791713613893435e-09,0.1963323838862618
804,6.250918540379713e-09,0.1992500355050827
805,6.223149874552995e-09,0.20216768712390357
806,6.195850972708242e-09,0.20508533874272444
807,6.169008030013694e-09,0.20800299036154532
808,6.142607825829157e-09,0.2109206419803662
809,6.1166376512746354e-09,0.21383829359918707
810,6.091085344695851e-09,0.21675594521800795
811,6.074311977842723e-09,0.218696954856182
812,6.063138261923644e-09,0.22000146806133203
813,6.052043242258917e-09,0.22130598126648204
814,6.041025943972578e-09,0.22261049447163206
815,6.022790268861319e-09,0.2247899288579117
816,6.004764515138962e-09,0.22696936324419137
817,5.9869444694339606e-09,0.22914879763047102
818,5.9693260012159944e-09,0.23132823201675068
819,5.951905134303971e-09,0.23350766640303033
820,5.93467797393001e-09,0.23568710078931
821,5.917640749682472e-09,0.23786653517558964
822,5.9007898123231426e-09,0.2400459695618693
823,5.8841215580071925e-09,0.24222540394814895
824,5.867632546250204e-09,0.2444048383344286
825,5.851319352956906e-09,0.24658427272070826
826,5.835178716781101e-09,0.24876370710698792
827,5.819207439304631e-09,0.2509431414932676
828,5.803402382366881e-09,0.25312257587954723
829,5.787760512760421e-09,0.2553020102658269
830,5.772278856824577e-09,0.25748144465210654
831,5.7569545471858375e-09,0.2596608790383862
832,5.741784748178644e-09,0.26184031342466585
833,5.726766750759881e-09,0.2640197478109455
834,5.7118978394179006e-09,0.26619918219722516
835,5.6971754330501e-09,0.2683786165835048
836,5.682596999608756e-09,0.27055805096978447
837,5.668160036248202e-09,0.2727374853560641
838,5.653862127234051e-09,0.2749169197423438
839,5.639700926207307e-09,0.27709635412862343
840,5.625674103472233e-09,0.2792757885149031
841,5.611779437160496e-09,0.28145522290118274
842,5.598014693284484e-09,0.2836346572874624
843,5.584377769609581e-09,0.28581409167374205
844,5.570866522692192e-09,0.2879935260600217
845,5.5574789571105845e-09,0.29017296044630136
846,5.5442130176143255e-09,0.292352394832581
847,5.5310667846941575e-09,0.2945318292188607
848,5.5180383520365336e-09,0.29671126360514033
849,5.497407367916862e-09,0.30020276554498504
850,5.4770664601633784e-09,0.30369426748482975
851,5.457008435164743e-09,0.30718576942467446
852,5.4372263514545156e-09,0.31067727136451917
853,5.407661169079763e-09,0.31598615815321895
854,5.378695968037501e-09,0.32129504494191874
855,5.350309380524197e-09,0.3266039317306185
856,5.322481005764708e-09,0.3319128185193183
857,5.295191551002483e-09,0.3372217053080181
858,5.268422604279724e-09,0.3425305920967179
859,5.2421566776891855e-09,0.34783947888541766
860,5.21637707278064e-09,0.35314836567411745
861,5.191067899278213e-09,0.35845725246281723
862,5.16621397181225e-09,0.363766139251517
863,5.14180081797465e-09,0.3690750260402168
864,5.11781459073472e-09,0.3743839128289166
865,5.094242077490354e-09,0.37969279961761637
866,5.071070618942908e-09,0.38500168640631616
867,5.048288125806501e-09,0.39031057319501594
868,5.025882995493421e-09,0.3956194599837157
869,5.003844144631459e-09,0.4009283467724155
870,4.98216091130364e-09,0.4062372335611153
871,4.960823077166842e-09,0.4115461203498151
872,4.939820955203538e-09,0.41685500713851487
873,4.919144985381903e-09,0.42216389392721465
874,4.898786325367581e-09,0.42747278071591444
875,4.878736077547773e-09,0.4327816675046142
876,4.858986156565905e-09,0.438090554293314
877,4.839528225352126e-09,0.4433994410820138
878,4.820354998744601e-09,0.4487083278707136
879,4.80145857203187e-09,0.45401721465941336
880,4.782832066755869e-09,0.45932610144811314
881,4.7644685884237175e-09,0.46463498823681293
882,4.746361476717194e-09,0.4699438750255127
883,4.728504250872682e-09,0.4752527618142125
884,4.7108908070197085e-09,0.4805616486029123
885,4.693515083964118e-09,0.48587053539161207
886,4.676371417543032e-09,0.49117942218031185
887,4.659454260404861e-09,0.49648830896901164
888,4.642758188771341e-09,0.5017971957577114
889,4.626278009613031e-09,0.5071060825464112
890,4.610008749147854e-09,0.512414969335111
891,4.593945551536465e-09,0.5177238561238108
892,4.578083675499719e-09,0.5230327429125106
893,4.5624186238979105e-09,0.5283416297012103
894,4.546946015092601e-09,0.5336505164899101
895,4.5316615359810085e-09,0.5389594032786099
896,4.5165611531345454e-09,0.5442682900673097
897,4.501640714649511e-09,0.5495771768560095
898,4.486896515112962e-09,0.5548860636447093
899,4.4723247579559914e-09,0.5601949504334091
900,4.457921785722765e-09,0.5655038372221088
901,4.443684028417978e-09,0.5708127240108086
902,4.429608113026635e-09,0.5761216107995084
903,4.415690724196297e-09,0.5814304975882082
904,4.401928614106578e-09,0.586739384376908
905,4.38831867272511e-09,0.5920482711656078
906,4.37485779598471e-09,0.5973571579543075
907,4.361543083134339e-09,0.6026660447430073
908,4.348371667884858e-09,0.6079749315317071
909,4.335340728957054e-09,0.6132838183204069
910,4.322447562908567e-09,0.6185927051091067
911,4.309689529378879e-09,0.6239015918978065
912,4.297064061426928e-09,0.6292104786865063
913,4.284568660411691e-09,0.634519365475206
914,4.26431913790761e-09,0.6432399633720748
915,4.244403648863276e-09,0.6519605612689435
916,4.224812228529075e-09,0.6606811591658123
917,4.192452239624508e-09,0.6754008441700939
918,4.160945323842201e-09,0.6901205291743756
919,4.13025092494898e-09,0.7048402141786573
920,4.100331517407854e-09,0.719559899182939
921,4.071151832791675e-09,0.7342795841872206
922,4.042679113442841e-09,0.7489992691915023
923,4.014882280064032e-09,0.763718954195784
924,3.9877325793079924e-09,0.7784386392000656
925,3.961202613658173e-09,0.7931583242043473
926,3.935267073002197e-09,0.807878009208629
927,3.90990143210853e-09,0.8225976942129106
928,3.893749468951533e-09,0.8321413469212964
929,3.883285365556141e-09,0.8383962974188511
930,3.8729159195873745e-09,0.8446512479164059
931,3.862639590485572e-09,0.8509061984139606
932,3.852454947879834e-09,0.8571611489115154
933,3.842360317503094e-09,0.8634160994090702
934,3.832354447453916e-09,0.8696710499066249
935,3.8254532387286245e-09,0.8740172808076754
936,3.820706361790495e-09,0.8770221151236101
937,3.815979270982442e-09,0.8800269494395447
938,3.811271776896494e-09,0.8830317837554794
939,3.8065836968764596e-09,0.8860366180714141
940,3.801914935769606e-09,0.8890414523873488
941,3.797265312081784e-09,0.8920462867032835
942,3.792634735649697e-09,0.8950511210192181
943,3.788022993571528e-09,0.8980559553351528
944,3.784862074759094e-09,0.9001225739079165
945,3.781709977938646e-09,0.9021891924806802
946,3.778566647308244e-09,0.9042558110534439
947,3.775432027192071e-09,0.9063224296262076
948,3.772306092181337e-09,0.9083890481989713
949,3.769188774606664e-09,0.910455666771735
950,3.767142398358296e-09,0.9118154220803538
951,3.765793765389902e-09,0.9127128991021861
952,3.76444673464778e-09,0.9136103761240184
953,3.763101312260553e-09,0.9145078531458507
954,3.761757492869438e-09,0.915405330167683
955,3.760415283781715e-09,0.9163028071895153
956,3.759074662156596e-09,0.9172002842113476
957,3.757735629199017e-09,0.9180977612331799
958,3.756398185992994e-09,0.9189952382550122
959,3.755062340881994e-09,0.9198927152768445
960,3.753728071917282e-09,0.9207901922986768
961,3.752395376791386e-09,0.921687669320509
962,3.7510642576199644e-09,0.9225851463423413
963,3.749734718951676e-09,0.9234826233641736
964,3.748406745665901e-09,0.9243801003860059
965,3.747080333655219e-09,0.9252775774078382
966,3.745755483662761e-09,0.9261750544296705
967,3.7444321969343586e-09,0.9270725314515028
968,3.743110460515772e-09,0.9279700084733351
969,3.741790278531282e-09,0.9288674854951674
970,3.740471647502132e-09,0.9297649625169997
971,3.7391545576612336e-09,0.930662439538832
972,3.737839009202626e-09,0.9315599165606643
973,3.736524999524674e-09,0.9324573935824966
974,3.735212525141024e-09,0.9333548706043289
975,3.733901582203689e-09,0.9342523476261612
976,3.729923429123602e-09,0.9369822300092883
977,3.7237724767652396e-09,0.9412222181316243
978,3.717655070111322e-09,0.9454622062539604
979,3.711570872720569e-09,0.9497021943762964
980,3.7009267720992167e-09,0.9571755532254439
981,3.6825975681982122e-09,0.970212682238702
982,3.6645646594863834e-09,0.9832498112519602
983,3.646819277695765e-09,0.9962869402652184
984,3.629353035465079e-09,1.0093240692784764
985,3.612157898063105e-09,1.0223611982917344
986,3.5800773247048225e-09,1.0472335600481009
987,3.548905352009658e-09,1.0721059218044673
988,3.518595261878263e-09,1.0969782835608337
989,3.4891036812181204e-09,1.1218506453172001
990,3.460390642763481e-09,1.1467230070735666
991,3.432418697269575e-09,1.171595368829933
992,3.4051532146340627e-09,1.1964677305862994
993,3.378561477296822e-09,1.2213400923426658
994,3.352613424352845e-09,1.2462124540990323
995,3.3272802598602313e-09,1.2710848158553987
996,3.310778236637187e-09,1.2876078118960688
997,3.2998523445467203e-09,1.2986895203695468
998,3.289037750340849e-09,1.3097712288430248
999,3.278332368713296e-09,1.3208529373165028
1000,3.2677342646166912e-09,1.3319346457899808
1001,3.257241283438509e-09,1.3430163542634588
1002,3.246851700973873e-09,1.3540980627369368
1003,3.239669046634665e-09,1.3618232009404336
1004,3.2347048463543746e-09,1.3671932216169584
1005,3.229763975925477e-09,1.3725632422934833
1006,3.2248462124315e-09,1.377933262970008
1007,3.21995131127526e-09,1.3833032836465329
1008,3.2150791496371346e-09,1.3886733043230577
1009,3.2102294538604083e-09,1.3940433249995825
1010,3.2054021536918204e-09,1.3994133456761073
1011,3.2005969080611837e-09,1.4047833663526321
1012,3.195813605952899e-09,1.410153387029157
1013,3.1910520434863686e-09,1.4155234077056817
1014,3.186312126035364e-09,1.4208934283822066
1015,3.1815935305713264e-09,1.4262634490587314
1016,3.1768961421239275e-09,1.4316334697352562
1017,3.1722197754138794e-09,1.437003490411781
1018,3.1675643280302065e-09,1.4423735110883058
1019,3.162929511087099e-09,1.4477435317648306
1020,3.1597328000379584e-09,1.451461255744763
1021,3.1565458807564088e-09,1.4551789797246955
1022,3.1533686770052176e-09,1.4588967037046279
1023,3.1502011354246294e-09,1.4626144276845603
1024,3.1470431927143074e-09,1.4663321516644927
1025,3.1438948205901937e-09,1.4700498756444251
1026,3.140755952143949e-09,1.4737675996243575
1027,3.1376265334704194e-09,1.47748532360429
1028,3.1345064921511994e-09,1.4812030475842224
1029,3.13139580911226e-09,1.4849207715641548
1030,3.1282944218711342e-09,1.4886384955440872
1031,3.1252022744575476e-09,1.4923562195240196
1032,3.122119297758589e-09,1.496073943503952
1033,3.1190454725726936e-09,1.4997916674838845
1034,3.1159807401733996e-09,1.503509391463817
1035,3.1129250446651144e-09,1.5072271154437493
1036,3.10987832202556e-09,1.5109448394236817
1037,3.106840549465421e-09,1.5146625634036142
1038,3.103811672509595e-09,1.5183802873835466
1039,3.1007916362325412e-09,1.522098011363479
1040,3.0977803838162375e-09,1.5258157353434114
1041,3.0947778838382483e-09,1.5295334593233438
1042,3.091784084315015e-09,1.5332511833032763
1043,3.0887989371080746e-09,1.5369689072832087
1044,3.085822395714001e-09,1.540686631263141
1045,3.080419085099963e-09,1.5474628727460291
1046,3.0750439366543753e-09,1.5542391142289171
1047,3.069696678068996e-09,1.5610153557118052
1048,3.0602645653527664e-09,1.5730541969010226
1049,3.037752333024642e-09,1.6022385941216006
1050,3.015723775584491e-09,1.6314229913421787
1051,2.994159866647454e-09,1.6606073885627568
1052,2.97304265437367e-09,1.6897917857833349
1053,2.9523552304259554e-09,1.718976183003913
1054,2.932081597977175e-09,1.748160580224491
1055,2.912206630039403e-09,1.7773449774450691
1056,2.8927159922987912e-09,1.8065293746656472
1057,2.8735961009009193e-09,1.8357137718862253
1058,2.8548340645879925e-09,1.8648981691068034
1059,2.8364176444933665e-09,1.8940825663273815
1060,2.818335207500121e-09,1.9232669635479596
1061,2.790704702533527e-09,1.9688997976122244
1062,2.7638241195840674e-09,2.0145326316764893
1063,2.737656549784514e-09,2.0601654657407544
1064,2.712167741421519e-09,2.1057982998050195
1065,2.687325953043109e-09,2.1514311338692846
1066,2.663101447332237e-09,2.1970639679335497
1067,2.639466611685833e-09,2.242696801997815
1068,2.6163954066547197e-09,2.28832963606208
1069,2.5938637411587296e-09,2.333962470126345
1070,2.571848648344434e-09,2.37959530419061
1071,2.5574551490963537e-09,2.4100030245644684
1072,2.5479343843328436e-09,2.4303700608025367
1073,2.53850784099718e-09,2.450737097040605
1074,2.5291738268704417e-09,2.4711041332786734
1075,2.5199307547121876e-09,2.4914711695167417
1076,2.510776916214741e-09,2.51183820575481
1077,2.5017108744154884e-09,2.5322052419928784
1078,2.4954754488208647e-09,2.546326994733483
1079,2.491195780024715e-09,2.556073606640401
1080,2.486935466486526e-09,2.5658202185473193
1081,2.4826943411993016e-09,2.5755668304542376
1082,2.4784722169881766e-09,2.585313442361156
1083,2.4742689908849367e-09,2.595060054268074
1084,2.4700844501777425e-09,2.6048066661749925
1085,2.465918540047197e-09,2.6145532780819107
1086,2.463071997546704e-09,2.6212379054745654
1087,2.4611353580889874e-09,2.625797408730248
1088,2.4592027247755607e-09,2.6303569119859302
1089,2.457274071354708e-09,2.6349164152416127
1090,2.4553493629112016e-09,2.639475918497295
1091,2.453428618745036e-09,2.6440354217529776
1092,2.451511790045506e-09,2.64859492500866
1093,2.449598919278515e-09,2.6531544282643424
1094,2.447689918451501e-09,2.657713931520025
1095,2.4457848109103473e-09,2.6622734347757073
1096,2.443883573737534e-09,2.6668329380313898
1097,2.4419862396132178e-09,2.671392441287072
1098,2.4400927185484313e-09,2.6759519445427546
1099,2.438802764358668e-09,2.6790633900409233
1100,2.4375145964700986e-09,2.682174835539092
1101,2.436228203562116e-09,2.6852862810372606
1102,2.433839159383043e-09,2.691076148671239
1103,2.4314562217598366e-09,2.6968660163052176
1104,2.429079362485614e-09,2.702655883939196
1105,2.4243467353883607e-09,2.714228342187816
1106,2.410414605611309e-09,2.7486398164293164
1107,2.3891654598952115e-09,2.8021297461100443
1108,2.3683941367633615e-09,2.855619675790772
1109,2.348081523098508e-09,2.9091096054715
1110,2.328209656033453e-09,2.962599535152228
1111,2.308761626407441e-09,3.0160894648329557
1112,2.289721475932603e-09,3.0695793945136836
1113,2.2710741324739865e-09,3.1230693241944114
1114,2.252805341103601e-09,3.1765592538751393
1115,2.2349016089815336e-09,3.230049183555867
1116,2.2173501512156267e-09,3.283539113236595
1117,2.20013884330243e-09,3.337029042917323
1118,2.1746899260784984e-09,3.4180544826187407
1119,2.1499576816398673e-09,3.4990799223201585
1120,2.1259072325626668e-09,3.5801053620215764
1121,2.102506303332367e-09,3.661130801722994
1122,2.0797248935757856e-09,3.742156241424412
1123,2.057534968717584e-09,3.82318168112583
1124,2.035910396456381e-09,3.9042071208272477
1125,2.014826694912937e-09,3.9852325605286656
1126,1.994260965799615e-09,4.066258000230084
1127,1.974191707198136e-09,4.147283439931502
1128,1.9545987783469943e-09,4.22830887963292
1129,1.9354631901375558e-09,4.309334319334337
1130,1.916767145916322e-09,4.390359759035755
1131,1.9040659732316144e-09,4.446482471207105
1132,1.891562250498205e-09,4.502605183378455
1133,1.8792508622605645e-09,4.558727895549804
1134,1.8671269210554985e-09,4.614850607721154
1135,1.8551856481640891e-09,4.670973319892504
1136,1.8471399427845026e-09,4.709269084692138
1137,1.8415947350077467e-09,4.735892134160702
1138,1.8360884729598903e-09,4.762515183629266
1139,1.8306206964610492e-09,4.78913823309783
1140,1.8251909729935833e-09,4.8157612825663945
1141,1.81979885519185e-09,4.842384332034959
1142,1.814443923592492e-09,4.869007381503523
1143,1.8091257330831765e-09,4.895630430972087
1144,1.8038439077332738e-09,4.922253480440651
1145,1.8003705380858596e-09,4.93986054064889
1146,1.7980474930078142e-09,4.951680848168656
1147,1.7957314461937797e-09,4.963501155688422
1148,1.7934223617531237e-09,4.975321463208188
1149,1.7911201958880105e-09,4.987141770727955
1150,1.7888249327462523e-09,4.998962078247721
1151,1.7865365143590595e-09,5.010782385767487
1152,1.7842549430120756e-09,5.022602693287253
1153,1.7827338042554965e-09,5.030502912510552
1154,1.781714369360595e-09,5.035806312100428
1155,1.7806962942567323e-09,5.0411097116903045
1156,1.7796795756382652e-09,5.046413111280181
1157,1.778664210963e-09,5.051716510870057
1158,1.777650197016352e-09,5.057019910459934
1159,1.7746889932258276e-09,5.0725477973151225
1160,1.7717392707257643e-09,5.088075684170311
1161,1.7688009567065565e-09,5.1036035710255
1162,1.763405161913579e-09,5.132275482077209
1163,1.7483714430539376e-09,5.213249704530106
1164,1.7336327393916483e-09,5.294223926983002
1165,1.7191797035947958e-09,5.3751981494358985
1166,1.7050034485236578e-09,5.456172371888795
1167,1.6910954999258245e-09,5.537146594341691
1168,1.6774477660515535e-09,5.618120816794588
1169,1.6640525133305742e-09,5.699095039247484
1170,1.650902344291206e-09,5.780069261700381
1171,1.6305383351503568e-09,5.908451202139255
1172,1.6107459769859076e-09,6.036833142578129
1173,1.5915002030506785e-09,6.165215083017004
1174,1.5727776584319072e-09,6.293597023455878
1175,1.5545564320250761e-09,6.421978963894753
1176,1.5368159104530473e-09,6.550360904333627
1177,1.5195367032526552e-09,6.6787428447725015
1178,1.5027005353102144e-09,6.807124785211376
1179,1.4862901586727227e-09,6.93550672565025
1180,1.4702892933626474e-09,7.063888666089125
1181,1.4546825602684607e-09,7.192270606527999
1182,1.4394554066546505e-09,7.3206525469668735
1183,1.424594037641381e-09,7.449034487405748
1184,1.4100853646624896e-09,7.577416427844622
1185,1.39591697725803e-09,7.705798368283497
1186,1.382077096414159e-09,7.834180308722371
1187,1.368554500610744e-09,7.9625622491612456
1188,1.3553384933388363e-09,8.090944189600119
1189,1.3424189153783963e-09,8.219326130038993
1190,1.3297861038547822e-09,8.347708070477868
1191,1.3174308003045951e-09,8.476090010916742
1192,1.3053441197583507e-09,8.604471951355617
1193,1.293517657303558e-09,8.732853891794491
1194,1.2819434204419233e-09,8.861235832233366
1195,1.2706136396565191e-09,8.98961777267224
1196,1.2595208136191674e-09,9.117999713111114
1197,1.2486579720110131e-09,9.246381653549989
1198,1.2380183968180317e-09,9.374763593988863
1199,1.227595496656861e-09,9.503145534427738
1200,1.217382905353019e-09,9.631527474866612
1201,1.207374768070873e-09,9.759909415305486
1202,1.1975654152470604e-09,9.88829135574436
1203,1.1879490817118677e-09,10.016673296183235
1204,1.1785204846836708e-09,10.14505523662211
1205,1.1692745979429698e-09,10.273437177060984
1206,1.160206479864601e-09,10.401819117499858
1207,1.1513112935083627e-09,10.530201057938733
1208,1.142584394339596e-09,10.658582998377607
1209,1.1340214170870867e-09,10.786964938816482
1210,1.125618284622452e-09,10.915346879255356
1211,1.1173707639630328e-09,11.04372881969423
1212,1.1092746688273929e-09,11.172110760133105
1213,1.1040738323314239e-09,11.25584928182997
1214,1.098934821644487e-09,11.339587803526836
1215,1.0938566110272708e-09,11.423326325223702
1216,1.088838236211557e-09,11.507064846920567
1217,1.0838787292278688e-09,11.590803368617433
1218,1.0789771397611824e-09,11.674541890314298
1219,1.0741325391797375e-09,11.758280412011164
1220,1.0666976809063621e-09,11.888716866402483
1221,1.0593955853087393e-09,12.019153320793801
1222,1.0522230176251913e-09,12.14958977518512
1223,1.0451768536710794e-09,12.280026229576439
1224,1.0382540704148269e-09,12.410462683967758
1225,1.0314517413426865e-09,12.540899138359077
1226,1.0212699215076922e-09,12.740486335789091
1227,1.0113537442653359e-09,12.940073533219106
1228,1.0016938852429391e-09,13.13966073064912
1229,9.92281466015332e-10,13.339247928079136
1230,9.831080149282455e-10,13.53883512550915
1231,9.741654325367566e-10,13.738422322939165
1232,9.654459723965179e-10,13.93800952036918
1233,9.569422170705806e-10,14.137596717799195
1234,9.48647067748403e-10,14.33718391522921
1235,9.405537299388487e-10,14.536771112659224
1236,9.326556921103691e-10,14.736358310089239
1237,9.249467097376052e-10,14.935945507519254
1238,9.174207954639179e-10,15.135532704949268
1239,9.100722047955614e-10,15.335119902379283
1240,9.028954203267748e-10,15.534707099809298
1241,8.958851423768937e-10,15.734294297239312
1242,8.890362813682165e-10,15.933881494669327
1243,8.823439445380738e-10,16.133468692099342
1244,8.758034232662245e-10,16.333055889529355
1245,8.694101884875764e-10,16.532643086959368
1246,8.598040646746108e-10,16.84126915192129
1247,8.505243852952151e-10,17.14989521688321
1248,8.41556650658051e-10,17.45852128184513
1249,8.328871731673835e-10,17.76714734680705
1250,8.24503011699726e-10,18.07577341176897
1251,8.163919091684657e-10,18.38439947673089
1252,8.085422564676099e-10,18.693025541692812
1253,8.009430785661898e-10,19.001651606654733
1254,7.935839630891661e-10,19.310277671616653
1255,7.86455001928039e-10,19.618903736578574
1256,7.795468022869055e-10,19.927529801540494
1257,7.728504904446197e-10,20.236155866502415
1258,7.685068342998127e-10,20.44156952570434
1259,7.642508672767752e-10,20.64698318490627
1260,7.600802883251411e-10,20.852396844108195
1261,7.559928313558506e-10,21.057810503310122
1262,7.519863236516582e-10,21.26322416251205
1263,7.480587138015808e-10,21.468637821713976
1264,7.442079175984175e-10,21.674051480915903
1265,7.404319586661812e-10,21.87946514011783
1266,7.367289707099215e-10,22.084878799319757
1267,7.330971007816653e-10,22.290292458521684
1268,7.295344754878221e-10,22.49570611772361
1269,7.272875530209653e-10,22.62731419783927
1270,7.250679153324958e-10,22.758922277954927
1271,7.228751302977236e-10,22.890530358070585
1272,7.207087720026304e-10,23.022138438186243
1273,7.185684172821036e-10,23.1537465183019
1274,7.153904369830082e-10,23.352123050744762
1275,7.122692326157659e-10,23.550499583187623
1276,7.092034645016946e-10,23.748876115630484
1277,7.061918323940832e-10,23.947252648073345
1278,7.01241908133306e-10,24.281127293835
1279,6.964359783562472e-10,24.615001939596652
1280,6.917685039131398e-10,24.948876585358306
1281,6.872342167164871e-10,25.28275123111996
1282,6.828281004684076e-10,25.616625876881614
1283,6.78545360862953e-10,25.950500522643267
1284,6.743814157587195e-10,26.28437516840492
1285,6.703318834165167e-10,26.618249814166575
1286,6.663925767968212e-10,26.95212445992823
1287,6.605419426574067e-10,27.465439461302065
1288,6.549286752491337e-10,27.9787544626759
1289,6.49539916499798e-10,28.492069464049738
1290,6.443636429299507e-10,29.005384465423575
1291,6.393885795714206e-10,29.51869946679741
1292,6.346041719345613e-10,30.032014468171248
1293,6.30000507390617e-10,30.545329469545084
1294,6.255682987578878e-10,31.05864447091892
1295,6.212988066235903e-10,31.571959472292757
1296,6.171838376688246e-10,32.085274473666594
1297,6.132156556259586e-10,32.598589475040434
1298,6.093870203241496e-10,33.111904476414274
1299,6.056910604822709e-10,33.625219477788114
1300,6.021213676112092e-10,34.138534479161954
1301,5.986718224422703e-10,34.651849480535795
1302,5.953367210348177e-10,35.165164481909635
1303,5.921105989523665e-10,35.678479483283475
1304,5.889884260656576e-10,36.191794484657315
1305,5.868671315993338e-10,36.55025505397695
1306,5.847925721536392e-10,36.90871562329658
1307,5.827632301582064e-10,37.26717619261621
1308,5.807776981734135e-10,37.625636761935844
1309,5.788344944300432e-10,37.98409733125548
1310,5.769323825344079e-10,38.34255790057511
1311,5.757174664888999e-10,38.57553337564647
1312,5.749232068096409e-10,38.72957810029363
1313,5.741360498317453e-10,38.88362282494079
1314,5.733558851749717e-10,39.037667549587944
1315,5.725826182092171e-10,39.1917122742351
1316,5.718161660410854e-10,39.34575699888226
1317,5.713085360710343e-10,39.448531032356925
1318,5.709811001630415e-10,39.51514337135953
1319,5.706548907226235e-10,39.58175571036213
1320,5.703299387527461e-10,39.648368049364734
1321,5.701133843039301e-10,39.69289750767178
1322,5.699651065248127e-10,39.72345244161773
1323,5.698170854390539e-10,39.75400737556368
1324,5.696693182895602e-10,39.78456230950963
1325,5.695218050991097e-10,39.81511724345558
1326,5.693745452626472e-10,39.84567217740153
1327,5.690370699364763e-10,39.91589344810858
1328,5.687009219505189e-10,39.98611471881562
1329,5.68366092928021e-10,40.056335989522665
1330,5.677032280940696e-10,40.19617088487151
1331,5.659217928142947e-10,40.57744027074916
1332,5.641772990254467e-10,40.9587096566268
1333,5.624685495938793e-10,41.339979042504446
1334,5.607943951864559e-10,41.72124842838209
1335,5.591537298799038e-10,42.102517814259734
1336,5.575454891655574e-10,42.48378720013738
1337,5.550555523179868e-10,43.089287355371326
1338,5.526409064713982e-10,43.69478751060527
1339,5.502978523263807e-10,44.30028766583922
1340,5.480229062915698e-10,44.90578782107317
1341,5.458127938991257e-10,45.511287976307116
1342,5.436644140699466e-10,46.116788131541064
1343,5.415748394429415e-10,46.72228828677501
1344,5.395412945499461e-10,47.32778844200896
1345,5.375611643018142e-10,47.93328859724291
1346,5.356319658469545e-10,48.538788752476854
1347,5.337513620959891e-10,49.1442889077108
1348,5.319171253509351e-10,49.74978906294475
1349,5.301271643554922e-10,50.3552892181787
1350,5.283794741357572e-10,50.960789373412645
1351,5.266721865010344e-10,51.56628952864659
1352,5.25003485823639e-10,52.17178968388054
1353,5.233717132443589e-10,52.77728983911449
1354,5.217752049164305e-10,53.382789994348435
1355,5.202125128548654e-10,53.98829014958238
1356,5.186820674374804e-10,54.59379030481633
1357,5.17646283998655e-10,55.0107540924049
1358,5.169352413890181e-10,55.300371682409605
1359,5.162309159875227e-10,55.58998927241431
1360,5.155331821801427e-10,55.87960686241901
1361,5.148419241392821e-10,56.16922445242371
1362,5.141569865845312e-10,56.458842042428415
1363,5.134782662038287e-10,56.74845963243312
1364,5.128055898711389e-10,57.03807722243782
1365,5.121389303645461e-10,57.32769481244252
1366,5.114780278947088e-10,57.617312402447226
1367,5.110389365402971e-10,57.81115781849196
1368,5.107440045705042e-10,57.94198962850162
1369,5.104502039707009e-10,58.072821438511276
1370,5.101575300366435e-10,58.203653248520936
1371,5.09866005073034e-10,58.334485058530596
1372,5.095755614819334e-10,58.465316868540256
1373,5.092862654730252e-10,58.596148678549916
1374,5.089979869544814e-10,58.726980488559576
1375,5.088027109574379e-10,58.81591002199939
1376,5.086704850444185e-10,58.87624841434963
1377,5.085384869788014e-10,58.93658680669987
1378,5.084067141214816e-10,58.99692519905011
1379,5.082751682844004e-10,59.05726359140035
1380,5.081438479552548e-10,59.11760198375059
1381,5.07865792463522e-10,59.24570278807018
1382,5.074418189354427e-10,59.441922603043324
1383,5.070201671340925e-10,59.638142418016464
1384,5.066008069084931e-10,59.834362232989605
1385,5.058436489935669e-10,60.19134354477983
1386,5.046697189888808e-10,60.75174655526586
1387,5.035131572710025e-10,61.31214956575189
1388,5.023733369101266e-10,61.872552576237915
1389,5.012496603567261e-10,62.43295558672394
1390,5.001415565753134e-10,62.99335859720997
1391,4.990484796595209e-10,63.553761607695996
1392,4.979699073410331e-10,64.11416461818202
1393,4.962743709658719e-10,65.01014447877577
1394,4.946127125343898e-10,65.90612433936953
1395,4.92983129169237e-10,66.80210419996328
1396,4.913839400569301e-10,67.69808406055704
1397,4.898135881942882e-10,68.59406392115079
1398,4.882706112194224e-10,69.49004378174455
1399,4.867536492942399e-10,70.3860236423383
1400,4.852614201066151e-10,71.28200350293206
1401,4.837927399996413e-10,72.17798336352581
1402,4.823464833768479e-10,73.07396322411957
1403,4.809216244765024e-10,73.96994308471332
1404,4.795171644758078e-10,74.86592294530708
1405,4.781322250345521e-10,75.76190280590083
1406,4.767658982075737e-10,76.65788266649459
1407,4.75417464366948e-10,77.55386252708834
1408,4.740860432415057e-10,78.4498423876821
1409,4.73165943323723e-10,79.07563301132434
1410,4.722535924495608e-10,79.70142363496659
1411,4.713488107304999e-10,80.32721425860883
1412,4.704512799709199e-10,80.95300488225108
1413,4.69561022535409e-10,81.57879550589332
1414,4.689891837815291e-10,81.98330759199008
1415,4.686137062350571e-10,82.25003296072803
1416,4.682394785389519e-10,82.51675832946599
1417,4.678664684511865e-10,82.78348369820394
1418,4.674946228276798e-10,83.05020906694189
1419,4.671239981015878e-10,83.31693443567984
1420,4.667544966511148e-10,83.58365980441779
1421,4.663862579903473e-10,83.85038517315574
1422,4.66137520811867e-10,84.03097188772173
1423,4.659683973446477e-10,84.15398260282115
1424,4.657995347968451e-10,84.27699331792056
1425,4.656309144749955e-10,84.40000403301997
1426,4.654625099645978e-10,84.52301474811938
1427,4.652943626884787e-10,84.64602546321879
1428,4.651264242625428e-10,84.7690361783182
1429,4.6495877643204536e-10,84.89204689341761
1430,4.6479127831535835e-10,85.01505760851703
1431,4.646768124932922e-10,85.09926829379584
1432,4.6459822274022423e-10,85.15711820904006
1433,4.6451968327363617e-10,85.21496812428428
1434,4.6444119307337114e-10,85.2728180395285
1435,4.6436275495145676e-10,85.33066795477272
1436,4.64284368057591e-10,85.38851787001694
1437,4.641322485443769e-10,85.50088999175637
1438,4.6390200092733103e-10,85.6712448374943
1439,4.6367218938202163e-10,85.84159968323223
1440,4.6344281135233495e-10,86.01195452897016
1441,4.630224252761307e-10,86.32500046822521
1442,4.6225150019771363e-10,86.90187497655323
1443,4.614853540284457e-10,87.47874948488125
1444,4.6072388673920744e-10,88.05562399320927
1445,4.599670021631796e-10,88.63249850153728
1446,4.592146079377519e-10,89.2093730098653
1447,4.5769939091001583e-10,90.38144337055978
1448,4.56201642618521e-10,91.55351373125426
1449,4.5472070619487056e-10,92.72558409194873
1450,4.5325597132072054e-10,93.89765445264321
1451,4.518068777580013e-10,95.06972481333769
1452,4.5037290011418046e-10,96.24179517403216
1453,4.489535524535968e-10,97.41386553472664
1454,4.4754837603166687e-10,98.58593589542112
1455,4.4615694927386156e-10,99.75800625611559
1456,4.4477887113995055e-10,100.93007661681007
1457,4.4341377658938685e-10,102.10214697750455
1458,4.4206131101015557e-10,103.27421733819902
1459,4.4072115968466355e-10,104.4462876988935
1460,4.393930028702471e-10,105.61835805958798
1461,4.380765755520283e-10,106.79042842028245
1462,4.367715767729236e-10,107.96249878097693
1463,4.3547780136966096e-10,109.1345691416714
1464,4.341949355904495e-10,110.30663950236588
1465,4.329228731060469e-10,111.47870986306036
1466,4.3166120841448243e-10,112.65078022375484
1467,4.307995138330535e-10,113.45694325542355
1468,4.302075641948768e-10,114.01335903959935
1469,4.2961787017585703e-10,114.56977482377515
1470,4.290304258347741e-10,115.12619060795095
1471,4.2805649143379935e-10,116.05342639162929
1472,4.270886462211138e-10,116.98066217530763
1473,4.261268761975759e-10,117.90789795898597
1474,4.2517104826344423e-10,118.83513374266431
1475,4.242211481205727e-10,119.76236952634265
1476,4.232770100445176e-10,120.689605310021
1477,4.2233869513298023e-10,121.61684109369934
1478,4.214059542463981e-10,122.54407687737768
1479,4.204789224300523e-10,123.47131266105602
1480,4.1955737866091976e-10,124.39854844473436
1481,4.186414013650598e-10,125.3257842284127
1482,4.1773079201331994e-10,126.25302001209104
1483,4.1682566466567497e-10,127.18025579576938
1484,4.159257524008153e-10,128.10749157944772
1485,4.1503112303554945e-10,129.03472736312608
1486,4.1414172001651475e-10,129.96196314680444
1487,4.13257513029932e-10,130.8891989304828
1488,4.1237838931671577e-10,131.81643471416115
1489,4.1150438401288496e-10,132.7436704978395
1490,4.106353200176862e-10,133.67090628151786
1491,4.0977131824486187e-10,134.5981420651962
1492,4.08912222834384e-10,135.52537784887457
1493,4.080580222444016e-10,136.45261363255293
1494,4.0720867283351474e-10,137.37984941623128
1495,4.0636413703731865e-10,138.30708519990964
1496,4.0504914476192773e-10,139.76138467006405
1497,4.0374574678746476e-10,141.21568414021846
1498,4.0245380033740083e-10,142.66998361037287
1499,3.9992435731152687e-10,145.5548343107462
1500,3.974384155585634e-10,148.43968501111954
1501,3.94995011562293e-10,151.32453571149287
1502,3.9259323222234624e-10,154.2093864118662
1503,3.9023222164784927e-10,157.09423711223954
1504,3.879111514600189e-10,159.97908781261287
1505,3.856292511690337e-10,162.8639385129862
1506,3.8338574778514693e-10,165.74878921335954
1507,3.811799575562565e-10,168.63363991373288
1508,3.7901111581175713e-10,171.5184906141062
1509,3.768786853029595e-10,174.40334131447955
1510,3.7478175868459847e-10,177.28819201485288
1511,3.734491866395502e-10,179.1472707748679
1512,3.7259565245146813e-10,180.34870632746592
1513,3.71748037685986e-10,181.55014188006393
1514,3.7090634982072265e-10,182.75157743266195
1515,3.700705993964417e-10,183.95301298525996
1516,3.6924062476028585e-10,185.15444853785797
1517,3.6841649049821945e-10,186.355884090456
1518,3.6759812333664673e-10,187.557319643054
1519,3.6678545894598524e-10,188.75875519565201
1520,3.6597841581669055e-10,189.96019074825003
1521,3.6517709809310413e-10,191.16162630084804
1522,3.6438130521685957e-10,192.36306185344606
1523,3.635910372127148e-10,193.56449740604407
1524,3.628063185992915e-10,194.76593295864208
1525,3.620271447066972e-10,195.9673685112401
1526,3.612533734982924e-10,197.1688040638381
1527,3.604849586953658e-10,198.37023961643612
1528,3.5972194742644195e-10,199.57167516903414
1529,3.5896428814387066e-10,200.77311072163215
1530,3.5821188280659734e-10,201.97454627423016
1531,3.5746485417159045e-10,203.17598182682818
1532,3.569711838479894e-10,203.9743939045183
1533,3.5664695871921526e-10,204.50074614593515
1534,3.5632385941154883e-10,205.027098387352
1535,3.560016536822599e-10,205.55345062876884
1536,3.557780417300031e-10,205.91969064774975
1537,3.55554973843423e-10,206.28593066673065
1538,3.5533230953174025e-10,206.65217068571155
1539,3.551101426926436e-10,207.01841070469246
1540,3.5488848342388e-10,207.38465072367336
1541,3.546672539261595e-10,207.75089074265426
1542,3.5444658617487734e-10,208.11713076163517
1543,3.5422629216034424e-10,208.48337078061607
1544,3.5400642905485094e-10,208.84961079959697
1545,3.5378708905105456e-10,209.21585081857788
1546,3.535682708242239e-10,209.58209083755878
1547,3.5334986579745923e-10,209.94833085653968
1548,3.531319324183407e-10,210.3145708755206
1549,3.5291454894944007e-10,210.6808108945015
1550,3.5269752203735443e-10,211.0470509134824
1551,3.524809637275198e-10,211.4132909324633
1552,3.522649564511679e-10,211.7795309514442
1553,3.5204933177968633e-10,212.1457709704251
1554,3.5183416063866e-10,212.512010989406
1555,3.5161951814196525e-10,212.8782510083869
1556,3.5140528051664765e-10,213.24449102736781
1557,3.5119151590866466e-10,213.61073104634872
1558,3.5097820814584984e-10,213.97697106532962
1559,3.5076535766810907e-10,214.34321108431052
1560,3.505529616081079e-10,214.70945110329143
1561,3.5010058830790616e-10,215.49211567285198
1562,3.496502808813487e-10,216.27478024241253
1563,3.492020302849132e-10,217.05744481197308
1564,3.483924353996341e-10,218.48017886396866
1565,3.463096046560397e-10,222.195821113961
1566,3.442716183934137e-10,225.91146336395332
1567,3.4227755430091854e-10,229.62710561394564
1568,3.4032650892872823e-10,233.34274786393797
1569,3.384175994273116e-10,237.0583901139303
1570,3.365499615405093e-10,240.77403236392263
1571,3.347227493998084e-10,244.48967461391496
1572,3.329351349683772e-10,248.20531686390729
1573,3.3118630752670425e-10,251.9209591138996
1574,3.294754726055049e-10,255.63660136389194
1575,3.268947111049818e-10,261.4009273663283
1576,3.244006910059453e-10,267.16525336876464
1577,3.2199066786996627e-10,272.929579371201
1578,3.1966198134475294e-10,278.69390537363734
1579,3.174120529559778e-10,284.4582313760737
1580,3.1523839332189055e-10,290.22255737851003
1581,3.1313854862666074e-10,295.9868833809464
1582,3.111102376860957e-10,301.75120938338273
1583,3.0915101700307435e-10,307.5155353858191
1584,3.078560475660114e-10,311.43893228186147
1585,3.0700367075277746e-10,314.073112045259
1586,3.0616472314826646e-10,316.7072918086565
1587,3.053390858639383e-10,319.34147157205405
1588,3.045265456507763e-10,321.9756513354516
1589,3.0372688172497247e-10,324.6098310988491
1590,3.029399196789794e-10,327.2440108622466
1591,3.0216541686421146e-10,329.87819062564415
1592,3.0140337524889963e-10,332.5123703890417
1593,3.0091112026805085e-10,334.2363497918932
1594,3.0059408488074516e-10,335.35634465220613
1595,3.002792742265798e-10,336.4763395125191
1596,2.999665493208979e-10,337.596334372832
1597,2.9965597905996146e-10,338.71632923314496
1598,2.993475494714209e-10,339.8363240934579
1599,2.9904121156519027e-10,340.95631895377085
1600,2.9873693035160477e-10,342.0763138140838
1601,2.9843474105871523e-10,343.19630867439673
1602,2.98134684308454e-10,344.3163035347097
1603,2.978365957819477e-10,345.4362983950226
1604,2.9763280377906236e-10,346.20645485805267
1605,2.974300300476602e-10,346.9766113210827
1606,2.9722814704003344e-10,347.74676778411276
1607,2.9702721260270155e-10,348.5169242471428
1608,2.968272899603044e-10,349.28708071017286
1609,2.966282654456742e-10,350.0572371732029
1610,2.9643015298493576e-10,350.82739363623296
1611,2.9623300757434547e-10,351.597550099263
1612,2.960367866165048e-10,352.36770656229305
1613,2.958415135981598e-10,353.1378630253231
1614,2.95647131950879e-10,353.90801948835315
1615,2.9545369659312134e-10,354.6781759513832
1616,2.952611725300828e-10,355.44833241441324
1617,2.9506955581527105e-10,356.2184888774433
1618,2.948788149416005e-10,356.98864534047334
1619,2.9468900724763745e-10,357.7588018035034
1620,2.9455717488374756e-10,358.2958181959364
1621,2.94425784329307e-10,358.83283458836945
1622,2.94294827524323e-10,359.3698509808025
1623,2.9416430309920465e-10,359.9068673732355
1624,2.9403420996103515e-10,360.44388376566855
1625,2.93719155379249e-10,361.7518203710871
1626,2.934066311429416e-10,363.05975697650564
1627,2.930966181969563e-10,364.3676935819242
1628,2.9253828340669625e-10,366.750261055607
1629,2.9129713827213803e-10,372.1756964378537
1630,2.90096982500184e-10,377.60113182010036
1631,2.889365391224791e-10,383.02656720234705
1632,2.8781456804069234e-10,388.45200258459374
1633,2.867298656210857e-10,393.87743796684043
1634,2.8568126286723384e-10,399.3028733490871
1635,2.8466762354847786e-10,404.7283087313338
1636,2.8368784466314827e-10,410.1537441135805
1637,2.8223463528570796e-10,418.55708864324396
1638,2.808562568880971e-10,426.9604331729074
1639,2.7954903638830186e-10,435.36377770257087
1640,2.7830947159978003e-10,443.7671222322343
1641,2.771342245884556e-10,452.1704667618978
1642,2.760201062975995e-10,460.57381129156124
1643,2.7496406184270564e-10,468.9771558212247
1644,2.739632020202114e-10,477.38050035088816
1645,2.730147120239509e-10,485.7838448805516
1646,2.7211603113039673e-10,494.18718941021507
1647,2.715162707233584e-10,500.05843856794075
1648,2.709387504279928e-10,505.92968772566644
1649,2.703826850638823e-10,511.8009368833921
1650,2.698472684082925e-10,517.6721860411178
1651,2.6933178379157673e-10,523.5434351988434
1652,2.6883545970974963e-10,529.4146843565691
1653,2.6835767963184605e-10,535.2859335142947
1654,2.6789772852170235e-10,541.1571826720203
1655,2.6745497155820645e-10,547.028431829746
1656,2.670287211080256e-10,552.8996809874716
1657,2.6661847186853727e-10,558.7709301451972
1658,2.663438834391312e-10,562.8297961687031
1659,2.660764392040445e-10,566.8886621922089
1660,2.658159784215075e-10,570.9475282157148
1661,2.6556231108106066e-10,575.0063942392206
1662,2.653152909310361e-10,579.0652602627265
1663,2.6507468138671433e-10,583.1241262862324
1664,2.648404002882788e-10,587.1829923097382
1665,2.6461224930361114e-10,591.2418583332441
1666,2.643900722561396e-10,595.3007243567499
1667,2.641736649203354e-10,599.3595903802558
1668,2.63962966097502e-10,603.4184564037616
1669,2.637577953998253e-10,607.4773224272675
1670,2.6355800792268617e-10,611.5361884507734
1671,2.633634140707891e-10,615.5950544742792
1672,2.631739650823956e-10,619.6539204977851
1673,2.629894979438791e-10,623.7127865212909
1674,2.6280987732813215e-10,627.7716525447968
1675,2.62634933027492e-10,631.8305185683026
1676,2.6246462112350664e-10,635.8893845918085
1677,2.6229879693296504e-10,639.9482506153144
1678,2.621373157116786e-10,644.0071166388202
1679,2.6187480290873945e-10,650.8459659942257
1680,2.6162383395885025e-10,657.6848153496312
1681,2.613839060615522e-10,664.5236647050367
1682,2.6115453819012074e-10,671.3625140604422
1683,2.6093527053251665e-10,678.2013634158477
1684,2.607256628225458e-10,685.0402127712532
1685,2.6040100651884643e-10,696.2817229516897
1686,2.6009955308070166e-10,707.5232331321263
1687,2.598196507180421e-10,718.7647433125628
1688,2.5955977081232206e-10,730.0062534929993
1689,2.593184953373409e-10,741.2477636734359
1690,2.5909450368598916e-10,752.4892738538724
1691,2.588865656759953e-10,763.730784034309
1692,2.586935364926573e-10,774.9722942147455
1693,2.585143523411299e-10,786.213804395182
1694,2.582419520984709e-10,805.0877074014148
1695,2.5800157469364696e-10,823.9616104076476
1696,2.577894747582813e-10,842.8355134138804
1697,2.5760234052460844e-10,861.7094164201133
1698,2.5743724014675363e-10,880.5833194263461
1699,2.572915814274095e-10,899.4572224325789
1700,2.571630786585177e-10,918.3311254388117
1701,2.5704971621045736e-10,937.2050284450445
1702,2.5694971410593946e-10,956.0789314512773
1703,2.568615000176796e-10,974.9528344575101
1704,2.567836852586443e-10,993.8267374637429
1705,2.5671504537896636e-10,1012.7006404699757
1706,2.5662370121918247e-10,1042.1685629236845
1707,2.565486145156367e-10,1071.6364853773932
1708,2.564868919928825e-10,1101.104407831102
1709,2.564361549173183e-10,1130.5723302848107
1710,2.5639444637542494e-10,1160.0402527385195
1711,2.5636016211999807e-10,1189.5081751922282
1712,2.56331980804419e-10,1218.976097645937
1713,2.5630881802222065e-10,1248.4440200996457
1714,2.562897777112354e-10,1277.9119425533545
1715,2.562741281973698e-10,1307.3798650070632
1716,2.5626126377686737e-10,1336.847787460772
1717,2.5625069091419427e-10,1366.3157099144807
1718,2.5624200011621174e-10,1395.7836323681895
1719,2.562348567144815e-10,1425.2515548218983
1720,2.5622898599224474e-10,1454.719477275607
1721,2.5622415858541413e-10,1484.1873997293158
1722,2.5622019447242566e-10,1513.6553221830245
1723,2.562169301804818e-10,1543.1232446367333
1724,2.562142564319871e-10,1572.591167090442
1725,2.5621204505069345e-10,1602.0590895441508
1726,2.5621023948400956e-10,1631.5270119978595
1727,2.562087520845984e-10,1660.9949344515683
1728,2.5620753568092905e-10,1690.462856905277
1729,2.5620651810358954e-10,1719.9307793589858
1730,2.562057031021968e-10,1749.3987018126945
1731,2.5620500863192184e-10,1778.8666242664033
1732,2.56204472604769e-10,1808.334546720112
1733,2.562041207135713e-10,1829.5589716957336
1734,2.562039064514258e-10,1844.6404079830754
1735,2.5620376511976234e-10,1855.5367015496238
1736,2.5620366657968883e-10,1863.6174514704862
1737,2.5620357310912287e-10,1871.6982013913487
1738,2.5620348466786865e-10,1879.7789513122111
1739,2.562034008522908e-10,1887.8597012330736
1740,2.5620332135692347e-10,1895.940451153936
1741,2.562031501048514e-10,1914.9729009330656
1742,2.5620292827942987e-10,1943.815406279569
1743,2.562027457381446e-10,1972.6579116260725
1744,2.562025954068005e-10,2001.500416972576
1745,2.562024710142716e-10,2030.3429223190794
1746,2.5620229796893484e-10,2082.9427847675156
1747,2.562021766688137e-10,2135.542647215952
1748,2.5620209122276414e-10,2188.1425096643884
1749,2.5620203071771267e-10,2240.742372112825
1750,2.562019703948874e-10,2321.666777056724
1751,2.5620193456830684e-10,2402.5911820006236
1752,2.5620191294440273e-10,2483.515586944523
1753,2.562018815283561e-10,2686.8120865347764
1754,2.562018624472518e-10,2890.1085861250294
1755,2.5620187031865056e-10,3030.4506496629024
1756,2.562018805664865e-10,3170.7927132007753
1757,2.562018898122003e-10,3382.0825569671856
1758,2.5620188912810686e-10,3593.372400733596
1759,2.562018846866663e-10,3804.662244500006
1760,2.5620188249295843e-10,4015.9520882664165
1761,2.562018828729295e-10,4227.241932032827
1762,2.562018835466386e-10,4438.531775799238
1763,2.562018841160851e-10,4767.482075714174
1764,2.56201883815076e-10,5096.4323756291105
1765,2.562018832637005e-10,5425.382675544047
1766,2.5620188262317894e-10,6190.3745467931885
1767,2.562018828534345e-10,6955.36641804233
1768,2.5620188312362725e-10,7720.358289291472
1769,2.5620188321106055e-10,8946.378411812733
1770,2.5620188317606724e-10,11223.107020465166
